Date,Actual_Price_USD
2022-01-01,0.8494719862937927
2022-01-02,0.8591179847717285
2022-01-03,0.8328850269317627
2022-01-04,0.8246729969978333
2022-01-05,0.7743579745292664
2022-01-06,0.7813460230827332
2022-01-07,0.7630739808082581
2022-01-08,0.7476879954338074
2022-01-09,0.7545049786567688
2022-01-10,0.7393350005149841
2022-01-11,0.7705540060997009
2022-01-12,0.7995479702949524
2022-01-13,0.7683280110359192
2022-01-14,0.7742969989776611
2022-01-15,0.7814229726791382
2022-01-16,0.778954029083252
2022-01-17,0.7627419829368591
2022-01-18,0.7526310086250305
2022-01-19,0.739749014377594
2022-01-20,0.7194210290908813
2022-01-21,0.6357380151748657
2022-01-22,0.5960419774055481
2022-01-23,0.6287559866905212
2022-01-24,0.6121389865875244
2022-01-25,0.617563009262085
2022-01-26,0.6220719814300537
2022-01-27,0.6087700128555298
2022-01-28,0.6125119924545288
2022-01-29,0.6169350147247314
2022-01-30,0.603181004524231
2022-01-31,0.6191490292549133
2022-02-01,0.6292330026626587
2022-02-02,0.6014829874038696
2022-02-03,0.6076840162277222
2022-02-04,0.6558769941329956
2022-02-05,0.6671270132064819
2022-02-06,0.6836469769477844
2022-02-07,0.8278189897537231
2022-02-08,0.8781939744949341
2022-02-09,0.8706269860267639
2022-02-10,0.8300099968910217
2022-02-11,0.7602260112762451
2022-02-12,0.8224080204963684
2022-02-13,0.8102729916572571
2022-02-14,0.8022180199623108
2022-02-15,0.8523330092430115
2022-02-16,0.8390359878540039
2022-02-17,0.7671729922294617
2022-02-18,0.7858899831771851
2022-02-19,0.8225280046463013
2022-02-20,0.7782959938049316
2022-02-21,0.70346599817276
2022-02-22,0.722832977771759
2022-02-23,0.6987460255622864
2022-02-24,0.6962720155715942
2022-02-25,0.7689030170440674
2022-02-26,0.7509729862213135
2022-02-27,0.721992015838623
2022-02-28,0.782043993473053
2022-03-01,0.7848619818687439
2022-03-02,0.7684959769248962
2022-03-03,0.7521849870681763
2022-03-04,0.7126719951629639
2022-03-05,0.7548999786376953
2022-03-06,0.7259939908981323
2022-03-07,0.7232869863510132
2022-03-08,0.7209770083427429
2022-03-09,0.7672359943389893
2022-03-10,0.7374650239944458
2022-03-11,0.8021550178527832
2022-03-12,0.7865869998931885
2022-03-13,0.7613509893417358
2022-03-14,0.7746559977531433
2022-03-15,0.7667829990386963
2022-03-16,0.793537974357605
2022-03-17,0.7935029864311218
2022-03-18,0.7982659935951233
2022-03-19,0.8193730115890503
2022-03-20,0.8061209917068481
2022-03-21,0.8381519913673401
2022-03-22,0.8370969891548157
2022-03-23,0.8378869891166687
2022-03-24,0.8429679870605469
2022-03-25,0.8251270055770874
2022-03-26,0.8327720165252686
2022-03-27,0.8573430180549622
2022-03-28,0.8633040189743042
2022-03-29,0.8579999804496765
2022-03-30,0.8608139753341675
2022-03-31,0.8145639896392822
2022-04-01,0.8277400135993958
2022-04-02,0.8249189853668213
2022-04-03,0.8429499864578247
2022-04-04,0.8272510170936584
2022-04-05,0.8176419734954834
2022-04-06,0.7613139748573303
2022-04-07,0.7879999876022339
2022-04-08,0.7540559768676758
2022-04-09,0.7635849714279175
2022-04-10,0.7566140294075012
2022-04-11,0.6950230002403259
2022-04-12,0.7166140079498291
2022-04-13,0.7238500118255615
2022-04-14,0.7268189787864685
2022-04-15,0.7856749892234802
2022-04-16,0.781840980052948
2022-04-17,0.7531539797782898
2022-04-18,0.7680169939994812
2022-04-19,0.7750629782676697
2022-04-20,0.7521780133247375
2022-04-21,0.7331780195236206
2022-04-22,0.7191939949989319
2022-04-23,0.707705020904541
2022-04-24,0.6987389922142029
2022-04-25,0.6944260001182556
2022-04-26,0.6416990160942078
2022-04-27,0.652318000793457
2022-04-28,0.6443629860877991
2022-04-29,0.6114069819450378
2022-04-30,0.5870910286903381
2022-05-01,0.6078439950942993
2022-05-02,0.6142690181732178
2022-05-03,0.6048489809036255
2022-05-04,0.6464740037918091
2022-05-05,0.5988860130310059
2022-05-06,0.6025699973106384
2022-05-07,0.5823469758033752
2022-05-08,0.5665270090103149
2022-05-09,0.4929400086402893
2022-05-10,0.513625979423523
2022-05-11,0.41337600350379944
2022-05-12,0.385206013917923
2022-05-13,0.42341700196266174
2022-05-14,0.42777401208877563
2022-05-15,0.4473710060119629
2022-05-16,0.42249900102615356
2022-05-17,0.437622994184494
2022-05-18,0.4061659872531891
2022-05-19,0.41997599601745605
2022-05-20,0.41113701462745667
2022-05-21,0.41467300057411194
2022-05-22,0.42233699560165405
2022-05-23,0.4046710133552551
2022-05-24,0.4087130129337311
2022-05-25,0.4057849943637848
2022-05-26,0.39316999912261963
2022-05-27,0.3817870020866394
2022-05-28,0.3863230049610138
2022-05-29,0.3890160024166107
2022-05-30,0.41817501187324524
2022-05-31,0.4218670129776001
2022-06-01,0.39808499813079834
2022-06-02,0.4053019881248474
2022-06-03,0.3907659947872162
2022-06-04,0.3923090100288391
2022-06-05,0.3953799903392792
2022-06-06,0.4030109941959381
2022-06-07,0.4077019989490509
2022-06-08,0.40064799785614014
2022-06-09,0.4003239870071411
2022-06-10,0.38173601031303406
2022-06-11,0.3590250015258789
2022-06-12,0.3454900085926056
2022-06-13,0.31080201268196106
2022-06-14,0.32214298844337463
2022-06-15,0.3437030017375946
2022-06-16,0.3120560050010681
2022-06-17,0.32138100266456604
2022-06-18,0.3080900013446808
2022-06-19,0.3260529935359955
2022-06-20,0.32334598898887634
2022-06-21,0.32862600684165955
2022-06-22,0.32258498668670654
2022-06-23,0.33553099632263184
2022-06-24,0.36758700013160706
2022-06-25,0.36755600571632385
2022-06-26,0.3588640093803406
2022-06-27,0.35323500633239746
2022-06-28,0.3373290002346039
2022-06-29,0.3289780020713806
2022-06-30,0.3314479887485504
2022-07-01,0.31367701292037964
2022-07-02,0.31557899713516235
2022-07-03,0.3217029869556427
2022-07-04,0.32879000902175903
2022-07-05,0.325423002243042
2022-07-06,0.3322719931602478
2022-07-07,0.3421509861946106
2022-07-08,0.34162798523902893
2022-07-09,0.3449519872665405
2022-07-10,0.3256630003452301
2022-07-11,0.31429699063301086
2022-07-12,0.3116590082645416
2022-07-13,0.3237299919128418
2022-07-14,0.3332209885120392
2022-07-15,0.33453500270843506
2022-07-16,0.3508610129356384
2022-07-17,0.34341201186180115
2022-07-18,0.3661769926548004
2022-07-19,0.37322500348091125
2022-07-20,0.3604840040206909
2022-07-21,0.36703601479530334
2022-07-22,0.3586040139198303
2022-07-23,0.35954099893569946
2022-07-24,0.3592599928379059
2022-07-25,0.33731499314308167
2022-07-26,0.3378159999847412
2022-07-27,0.3591180145740509
2022-07-28,0.3733760118484497
2022-07-29,0.36867499351501465
2022-07-30,0.38776400685310364
2022-07-31,0.3804579973220825
2022-08-01,0.3799760043621063
2022-08-02,0.37202098965644836
2022-08-03,0.3698520064353943
2022-08-04,0.3713510036468506
2022-08-05,0.37659499049186707
2022-08-06,0.37157100439071655
2022-08-07,0.3725059926509857
2022-08-08,0.37875398993492126
2022-08-09,0.36810100078582764
2022-08-10,0.3810650110244751
2022-08-11,0.38056299090385437
2022-08-12,0.3799949884414673
2022-08-13,0.37796398997306824
2022-08-14,0.3764509856700897
2022-08-15,0.37577399611473083
2022-08-16,0.3772369921207428
2022-08-17,0.379707008600235
2022-08-18,0.37096500396728516
2022-08-19,0.33504900336265564
2022-08-20,0.33754101395606995
2022-08-21,0.3453019857406616
2022-08-22,0.3447209894657135
2022-08-23,0.34709200263023376
2022-08-24,0.34614500403404236
2022-08-25,0.349496990442276
2022-08-26,0.3383699953556061
2022-08-27,0.3353469967842102
2022-08-28,0.3230949938297272
2022-08-29,0.33379700779914856
2022-08-30,0.32686901092529297
2022-08-31,0.3278700113296509
2022-09-01,0.33319398760795593
2022-09-02,0.33125901222229004
2022-09-03,0.32996898889541626
2022-09-04,0.3317990005016327
2022-09-05,0.33296000957489014
2022-09-06,0.3222079873085022
2022-09-07,0.3373669981956482
2022-09-08,0.34024500846862793
2022-09-09,0.3575170040130615
2022-09-10,0.357681006193161
2022-09-11,0.355118989944458
2022-09-12,0.3594450056552887
2022-09-13,0.3336920142173767
2022-09-14,0.3420819938182831
2022-09-15,0.32633501291275024
2022-09-16,0.356687992811203
2022-09-17,0.3770039975643158
2022-09-18,0.35832300782203674
2022-09-19,0.38707301020622253
2022-09-20,0.41518300771713257
2022-09-21,0.3968279957771301
2022-09-22,0.48510101437568665
2022-09-23,0.5071709752082825
2022-09-24,0.4887160062789917
2022-09-25,0.49262699484825134
2022-09-26,0.4676780104637146
2022-09-27,0.4487760066986084
2022-09-28,0.4506720006465912
2022-09-29,0.4854170083999634
2022-09-30,0.47977399826049805
2022-10-01,0.4751099944114685
2022-10-02,0.44885000586509705
2022-10-03,0.4628790020942688
2022-10-04,0.4801740050315857
2022-10-05,0.48968300223350525
2022-10-06,0.49318400025367737
2022-10-07,0.5182780027389526
2022-10-08,0.5171129703521729
2022-10-09,0.5340610146522522
2022-10-10,0.49701398611068726
2022-10-11,0.48539701104164124
2022-10-12,0.48837000131607056
2022-10-13,0.4808120131492615
2022-10-14,0.4889659881591797
2022-10-15,0.48150700330734253
2022-10-16,0.47701001167297363
2022-10-17,0.4799180030822754
2022-10-18,0.4659770131111145
2022-10-19,0.45122700929641724
2022-10-20,0.4480839967727661
2022-10-21,0.46109798550605774
2022-10-22,0.46546998620033264
2022-10-23,0.46903300285339355
2022-10-24,0.45382100343704224
2022-10-25,0.461544007062912
2022-10-26,0.46937599778175354
2022-10-27,0.4624069929122925
2022-10-28,0.47398099303245544
2022-10-29,0.47041600942611694
2022-10-30,0.45845499634742737
2022-10-31,0.4659149944782257
2022-11-01,0.46457698941230774
2022-11-02,0.450874000787735
2022-11-03,0.4551349878311157
2022-11-04,0.5044040083885193
2022-11-05,0.4933300018310547
2022-11-06,0.47067001461982727
2022-11-07,0.46585699915885925
2022-11-08,0.4062420129776001
2022-11-09,0.3331809937953949
2022-11-10,0.3957050144672394
2022-11-11,0.38415899872779846
2022-11-12,0.3636769950389862
2022-11-13,0.3402960002422333
2022-11-14,0.3764060139656067
2022-11-15,0.3885209858417511
2022-11-16,0.37630099058151245
2022-11-17,0.38254401087760925
2022-11-18,0.3830629885196686
2022-11-19,0.3846989870071411
2022-11-20,0.3619450032711029
2022-11-21,0.36479899287223816
2022-11-22,0.37606099247932434
2022-11-23,0.38158100843429565
2022-11-24,0.40199199318885803
2022-11-25,0.40841200947761536
2022-11-26,0.3966290056705475
2022-11-27,0.396820992231369
2022-11-28,0.39031800627708435
2022-11-29,0.39854899048805237
2022-11-30,0.4087429940700531
2022-12-01,0.39670801162719727
2022-12-02,0.3962729871273041
2022-12-03,0.3881469964981079
2022-12-04,0.390735000371933
2022-12-05,0.3895840048789978
2022-12-06,0.3920939862728119
2022-12-07,0.3837209939956665
2022-12-08,0.3945449888706207
2022-12-09,0.38915300369262695
2022-12-10,0.38669800758361816
2022-12-11,0.3817490041255951
2022-12-12,0.3873940110206604
2022-12-13,0.39510199427604675
2022-12-14,0.3864139914512634
2022-12-15,0.3782370090484619
2022-12-16,0.3519879877567291
2022-12-17,0.3548099994659424
2022-12-18,0.35027000308036804
2022-12-19,0.33886998891830444
2022-12-20,0.3493730127811432
2022-12-21,0.34602001309394836
2022-12-22,0.3495999872684479
2022-12-23,0.3542729914188385
2022-12-24,0.35217899084091187
2022-12-25,0.3463920056819916
2022-12-26,0.36572301387786865
2022-12-27,0.3681260049343109
2022-12-28,0.3565309941768646
2022-12-29,0.34284600615501404
2022-12-30,0.3450169861316681
2022-12-31,0.3399290144443512
2023-01-01,0.3387629985809326
2023-01-02,0.3485560119152069
2023-01-03,0.34382399916648865
2023-01-04,0.3477939963340759
2023-01-05,0.33803901076316833
2023-01-06,0.3446449935436249
2023-01-07,0.34426799416542053
2023-01-08,0.3453580141067505
2023-01-09,0.3493399918079376
2023-01-10,0.35124099254608154
2023-01-11,0.37415799498558044
2023-01-12,0.37519699335098267
2023-01-13,0.3858039975166321
2023-01-14,0.39544299244880676
2023-01-15,0.38488098978996277
2023-01-16,0.38657599687576294
2023-01-17,0.3877109885215759
2023-01-18,0.3794519901275635
2023-01-19,0.3937849998474121
2023-01-20,0.41334399580955505
2023-01-21,0.403533011674881
2023-01-22,0.400967001914978
2023-01-23,0.4249430000782013
2023-01-24,0.40770700573921204
2023-01-25,0.41769298911094666
2023-01-26,0.4101029932498932
2023-01-27,0.41279101371765137
2023-01-28,0.40813401341438293
2023-01-29,0.41376399993896484
2023-01-30,0.39459100365638733
2023-01-31,0.4063889980316162
2023-02-01,0.41389200091362
2023-02-02,0.40974700450897217
2023-02-03,0.4122050106525421
2023-02-04,0.4113050103187561
2023-02-05,0.3989369869232178
2023-02-06,0.3928239941596985
2023-02-07,0.403903990983963
2023-02-08,0.39805200695991516
2023-02-09,0.38246598839759827
2023-02-10,0.38264501094818115
2023-02-11,0.38400799036026
2023-02-12,0.3752819895744324
2023-02-13,0.3716750144958496
2023-02-14,0.382407009601593
2023-02-15,0.4013519883155823
2023-02-16,0.3851569890975952
2023-02-17,0.3953019976615906
2023-02-18,0.3946300148963928
2023-02-19,0.38631701469421387
2023-02-20,0.3985249996185303
2023-02-21,0.3919050097465515
2023-02-22,0.3955860137939453
2023-02-23,0.38912999629974365
2023-02-24,0.37847700715065
2023-02-25,0.3780849874019623
2023-02-26,0.37804099917411804
2023-02-27,0.3791149854660034
2023-02-28,0.3771499991416931
2023-03-01,0.38387900590896606
2023-03-02,0.3775799870491028
2023-03-03,0.3776710033416748
2023-03-04,0.3738130033016205
2023-03-05,0.3671939969062805
2023-03-06,0.3704710006713867
2023-03-07,0.38054800033569336
2023-03-08,0.3891879916191101
2023-03-09,0.37213000655174255
2023-03-10,0.37062200903892517
2023-03-11,0.3668319880962372
2023-03-12,0.37331798672676086
2023-03-13,0.37378600239753723
2023-03-14,0.3742789924144745
2023-03-15,0.36055800318717957
2023-03-16,0.36602500081062317
2023-03-17,0.3803820013999939
2023-03-18,0.3744330108165741
2023-03-19,0.3884649872779846
2023-03-20,0.3746280074119568
2023-03-21,0.46970999240875244
2023-03-22,0.4224799871444702
2023-03-23,0.44484999775886536
2023-03-24,0.42590200901031494
2023-03-25,0.4447160065174103
2023-03-26,0.44881701469421387
2023-03-27,0.47999098896980286
2023-03-28,0.5150579810142517
2023-03-29,0.5435770153999329
2023-03-30,0.5342490077018738
2023-03-31,0.5384920239448547
2023-04-01,0.5147410035133362
2023-04-02,0.5189530253410339
2023-04-03,0.49696001410484314
2023-04-04,0.50347900390625
2023-04-05,0.5062350034713745
2023-04-06,0.5032979846000671
2023-04-07,0.5137360095977783
2023-04-08,0.5057160258293152
2023-04-09,0.5058339834213257
2023-04-10,0.5183179974555969
2023-04-11,0.5175179839134216
2023-04-12,0.5061150193214417
2023-04-13,0.5132920145988464
2023-04-14,0.5239930152893066
2023-04-15,0.5204439759254456
2023-04-16,0.5213919878005981
2023-04-17,0.5111269950866699
2023-04-18,0.532263994216919
2023-04-19,0.4915989935398102
2023-04-20,0.47485798597335815
2023-04-21,0.449396014213562
2023-04-22,0.47266098856925964
2023-04-23,0.4650160074234009
2023-04-24,0.4612730145454407
2023-04-25,0.46999499201774597
2023-04-26,0.46203699707984924
2023-04-27,0.46686801314353943
2023-04-28,0.48027101159095764
2023-04-29,0.4784089922904968
2023-04-30,0.4723320007324219
2023-05-01,0.4649659991264343
2023-05-02,0.4649510085582733
2023-05-03,0.4634940028190613
2023-05-04,0.4615730047225952
2023-05-05,0.46779999136924744
2023-05-06,0.4595490097999573
2023-05-07,0.45036399364471436
2023-05-08,0.42891499400138855
2023-05-09,0.4298880100250244
2023-05-10,0.43087300658226013
2023-05-11,0.42187899351119995
2023-05-12,0.43071800470352173
2023-05-13,0.424903005361557
2023-05-14,0.4258599877357483
2023-05-15,0.42756199836730957
2023-05-16,0.4414219856262207
2023-05-17,0.4485889971256256
2023-05-18,0.46029898524284363
2023-05-19,0.4679819941520691
2023-05-20,0.46908101439476013
2023-05-21,0.4575499892234802
2023-05-22,0.46160098910331726
2023-05-23,0.46542999148368835
2023-05-24,0.45360898971557617
2023-05-25,0.45373401045799255
2023-05-26,0.4691399931907654
2023-05-27,0.4722450077533722
2023-05-28,0.48288899660110474
2023-05-29,0.4941509962081909
2023-05-30,0.5219380259513855
2023-05-31,0.5173860192298889
2023-06-01,0.5073170065879822
2023-06-02,0.5253869891166687
2023-06-03,0.5193510055541992
2023-06-04,0.5359110236167908
2023-06-05,0.5103939771652222
2023-06-06,0.5304639935493469
2023-06-07,0.5196279883384705
2023-06-08,0.5245460271835327
2023-06-09,0.5379170179367065
2023-06-10,0.5081989765167236
2023-06-11,0.5212209820747375
2023-06-12,0.52572101354599
2023-06-13,0.5200859904289246
2023-06-14,0.4802199900150299
2023-06-15,0.4801180064678192
2023-06-16,0.47574299573898315
2023-06-17,0.47979000210762024
2023-06-18,0.4875729978084564
2023-06-19,0.49339500069618225
2023-06-20,0.4928700029850006
2023-06-21,0.500694990158081
2023-06-22,0.4949750006198883
2023-06-23,0.4965659976005554
2023-06-24,0.48731300234794617
2023-06-25,0.4902769923210144
2023-06-26,0.47933200001716614
2023-06-27,0.4838399887084961
2023-06-28,0.46522200107574463
2023-06-29,0.4747219979763031
2023-06-30,0.4740369915962219
2023-07-01,0.47352200746536255
2023-07-02,0.4844929873943329
2023-07-03,0.4895470142364502
2023-07-04,0.48784199357032776
2023-07-05,0.4782719910144806
2023-07-06,0.4637390077114105
2023-07-07,0.468764990568161
2023-07-08,0.4706439971923828
2023-07-09,0.4685499966144562
2023-07-10,0.4776639938354492
2023-07-11,0.47571900486946106
2023-07-12,0.47110500931739807
2023-07-13,0.8153650164604187
2023-07-14,0.7191569805145264
2023-07-15,0.7132790088653564
2023-07-16,0.7468600273132324
2023-07-17,0.739205002784729
2023-07-18,0.7795400023460388
2023-07-19,0.8206940293312073
2023-07-20,0.7940580248832703
2023-07-21,0.7725020051002502
2023-07-22,0.73328697681427
2023-07-23,0.7386829853057861
2023-07-24,0.7027649879455566
2023-07-25,0.7095999717712402
2023-07-26,0.7157989740371704
2023-07-27,0.7136459946632385
2023-07-28,0.7125679850578308
2023-07-29,0.7127389907836914
2023-07-30,0.7051360011100769
2023-07-31,0.6985210180282593
2023-08-01,0.7072110176086426
2023-08-02,0.6851950287818909
2023-08-03,0.6641349792480469
2023-08-04,0.6355389952659607
2023-08-05,0.6284229755401611
2023-08-06,0.6230869889259338
2023-08-07,0.6219310164451599
2023-08-08,0.6424059867858887
2023-08-09,0.6433650255203247
2023-08-10,0.6329860091209412
2023-08-11,0.6316750049591064
2023-08-12,0.6272050142288208
2023-08-13,0.6261019706726074
2023-08-14,0.6342819929122925
2023-08-15,0.6095989942550659
2023-08-16,0.5883280038833618
2023-08-17,0.5071420073509216
2023-08-18,0.5060999989509583
2023-08-19,0.5196290016174316
2023-08-20,0.5395470261573792
2023-08-21,0.524537980556488
2023-08-22,0.5209299921989441
2023-08-23,0.5299019813537598
2023-08-24,0.5184130072593689
2023-08-25,0.5262460112571716
2023-08-26,0.5234699845314026
2023-08-27,0.5238440036773682
2023-08-28,0.523248016834259
2023-08-29,0.5400649905204773
2023-08-30,0.528194010257721
2023-08-31,0.510798990726471
2023-09-01,0.498075008392334
2023-09-02,0.4990909993648529
2023-09-03,0.5050489902496338
2023-09-04,0.5083749890327454
2023-09-05,0.5054110288619995
2023-09-06,0.5032430291175842
2023-09-07,0.5048570036888123
2023-09-08,0.5048499703407288
2023-09-09,0.5038549900054932
2023-09-10,0.49781399965286255
2023-09-11,0.474373996257782
2023-09-12,0.4807380139827728
2023-09-13,0.48377498984336853
2023-09-14,0.48945701122283936
2023-09-15,0.5008749961853027
2023-09-16,0.49987998604774475
2023-09-17,0.4930410087108612
2023-09-18,0.5032029747962952
2023-09-19,0.5141509771347046
2023-09-20,0.5213549733161926
2023-09-21,0.5071790218353271
2023-09-22,0.5125100016593933
2023-09-23,0.5080339908599854
2023-09-24,0.5023880004882812
2023-09-25,0.5054609775543213
2023-09-26,0.5017079710960388
2023-09-27,0.4995970129966736
2023-09-28,0.5095250010490417
2023-09-29,0.5217189788818359
2023-09-30,0.515404999256134
2023-10-01,0.5242040157318115
2023-10-02,0.51283198595047
2023-10-03,0.5383870005607605
2023-10-04,0.5329310297966003
2023-10-05,0.5233659744262695
2023-10-06,0.5261930227279663
2023-10-07,0.5219060182571411
2023-10-08,0.5179610252380371
2023-10-09,0.5032269954681396
2023-10-10,0.497435986995697
2023-10-11,0.48883798718452454
2023-10-12,0.48304998874664307
2023-10-13,0.48569899797439575
2023-10-14,0.4867750108242035
2023-10-15,0.4878459870815277
2023-10-16,0.49797698855400085
2023-10-17,0.49169400334358215
2023-10-18,0.4883190095424652
2023-10-19,0.52012699842453
2023-10-20,0.5160040259361267
2023-10-21,0.5212429761886597
2023-10-22,0.5224869847297668
2023-10-23,0.5468699932098389
2023-10-24,0.5585319995880127
2023-10-25,0.5553060173988342
2023-10-26,0.5536829829216003
2023-10-27,0.5461069941520691
2023-10-28,0.5453910231590271
2023-10-29,0.5563939809799194
2023-10-30,0.5789440274238586
2023-10-31,0.6002820134162903
2023-11-01,0.6095380187034607
2023-11-02,0.6064389944076538
2023-11-03,0.6130020022392273
2023-11-04,0.6161839962005615
2023-11-05,0.6611469984054565
2023-11-06,0.715516984462738
2023-11-07,0.6864020228385925
2023-11-08,0.6880760192871094
2023-11-09,0.6674749851226807
2023-11-10,0.6605749726295471
2023-11-11,0.6627349853515625
2023-11-12,0.6615359783172607
2023-11-13,0.6715239882469177
2023-11-14,0.6296730041503906
2023-11-15,0.6496480107307434
2023-11-16,0.61216801404953
2023-11-17,0.6137170195579529
2023-11-18,0.6111890077590942
2023-11-19,0.627498984336853
2023-11-20,0.6128420233726501
2023-11-21,0.5804619789123535
2023-11-22,0.6118990182876587
2023-11-23,0.6202419996261597
2023-11-24,0.6218810081481934
2023-11-25,0.6234440207481384
2023-11-26,0.6168190240859985
2023-11-27,0.6041529774665833
2023-11-28,0.6114220023155212
2023-11-29,0.609358012676239
2023-11-30,0.606357991695404
2023-12-01,0.6129149794578552
2023-12-02,0.6209759712219238
2023-12-03,0.6237229704856873
2023-12-04,0.6243739724159241
2023-12-05,0.6219969987869263
2023-12-06,0.6403329968452454
2023-12-07,0.6436319947242737
2023-12-08,0.6731380224227905
2023-12-09,0.658814013004303
2023-12-10,0.6615779995918274
2023-12-11,0.6202110052108765
2023-12-12,0.6195489764213562
2023-12-13,0.6284859776496887
2023-12-14,0.6324319839477539
2023-12-15,0.6154919862747192
2023-12-16,0.6198350191116333
2023-12-17,0.6104180216789246
2023-12-18,0.612529993057251
2023-12-19,0.6054559946060181
2023-12-20,0.6173189878463745
2023-12-21,0.6239100098609924
2023-12-22,0.6254019737243652
2023-12-23,0.6202049851417542
2023-12-24,0.6135179996490479
2023-12-25,0.6463369727134705
2023-12-26,0.6223689913749695
2023-12-27,0.6348559856414795
2023-12-28,0.6349980235099792
2023-12-29,0.6234019994735718
2023-12-30,0.6218439936637878
2023-12-31,0.6149410009384155
2024-01-01,0.6300820112228394
2024-01-02,0.6253629922866821
2024-01-03,0.5825799703598022
2024-01-04,0.5882260203361511
2024-01-05,0.5764859914779663
2024-01-06,0.5685120224952698
2024-01-07,0.5517410039901733
2024-01-08,0.5779229998588562
2024-01-09,0.5666329860687256
2024-01-10,0.5999889969825745
2024-01-11,0.6020950078964233
2024-01-12,0.5702990293502808
2024-01-13,0.575078010559082
2024-01-14,0.5762330293655396
2024-01-15,0.5759199857711792
2024-01-16,0.5759469866752625
2024-01-17,0.5679730176925659
2024-01-18,0.5519070029258728
2024-01-19,0.5442559719085693
2024-01-20,0.5531259775161743
2024-01-21,0.546110987663269
2024-01-22,0.5267159938812256
2024-01-23,0.5177369713783264
2024-01-24,0.5179880261421204
2024-01-25,0.5136060118675232
2024-01-26,0.5321890115737915
2024-01-27,0.5302600264549255
2024-01-28,0.5240939855575562
2024-01-29,0.5350900292396545
2024-01-30,0.5106980204582214
2024-01-31,0.5031930208206177
2024-02-01,0.5058590173721313
2024-02-02,0.5104119777679443
2024-02-03,0.5189390182495117
2024-02-04,0.5032879710197449
2024-02-05,0.5062440037727356
2024-02-06,0.5051530003547668
2024-02-07,0.5137889981269836
2024-02-08,0.5145289897918701
2024-02-09,0.5260310173034668
2024-02-10,0.5241119861602783
2024-02-11,0.5260840058326721
2024-02-12,0.5318970084190369
2024-02-13,0.5248349905014038
2024-02-14,0.5384010076522827
2024-02-15,0.5627549886703491
2024-02-16,0.5649600028991699
2024-02-17,0.5498859882354736
2024-02-18,0.5569030046463013
2024-02-19,0.5625969767570496
2024-02-20,0.5629220008850098
2024-02-21,0.5490040183067322
2024-02-22,0.540913999080658
2024-02-23,0.5345339775085449
2024-02-24,0.545117974281311
2024-02-25,0.5424249768257141
2024-02-26,0.5514050126075745
2024-02-27,0.5862579941749573
2024-02-28,0.5758110284805298
2024-02-29,0.5863249897956848
2024-03-01,0.6018900275230408
2024-03-02,0.64485102891922
2024-03-03,0.6270719766616821
2024-03-04,0.6501330137252808
2024-03-05,0.5929009914398193
2024-03-06,0.6122530102729797
2024-03-07,0.6286240220069885
2024-03-08,0.6219549775123596
2024-03-09,0.6218050122261047
2024-03-10,0.6084319949150085
2024-03-11,0.7180359959602356
2024-03-12,0.6882089972496033
2024-03-13,0.6909499764442444
2024-03-14,0.669966995716095
2024-03-15,0.6337370276451111
2024-03-16,0.6030600070953369
2024-03-17,0.6192319989204407
2024-03-18,0.6475650072097778
2024-03-19,0.5844410061836243
2024-03-20,0.6121619939804077
2024-03-21,0.6406909823417664
2024-03-22,0.6109489798545837
2024-03-23,0.6175959706306458
2024-03-24,0.6329500079154968
2024-03-25,0.6410340070724487
2024-03-26,0.6322529911994934
2024-03-27,0.6119639873504639
2024-03-28,0.6245539784431458
2024-03-29,0.6307500004768372
2024-03-30,0.6218360066413879
2024-03-31,0.6292250156402588
2024-04-01,0.6112579703330994
2024-04-02,0.5854660272598267
2024-04-03,0.5749170184135437
2024-04-04,0.5936560034751892
2024-04-05,0.5875229835510254
2024-04-06,0.5933399796485901
2024-04-07,0.59483402967453
2024-04-08,0.6154900193214417
2024-04-09,0.6138169765472412
2024-04-10,0.6175609827041626
2024-04-11,0.6088799834251404
2024-04-12,0.5484139919281006
2024-04-13,0.4808189868927002
2024-04-14,0.5042579770088196
2024-04-15,0.4977310001850128
2024-04-16,0.49669501185417175
2024-04-17,0.4948410093784332
2024-04-18,0.5029829740524292
2024-04-19,0.503786027431488
2024-04-20,0.5292930006980896
2024-04-21,0.5246800184249878
2024-04-22,0.556833028793335
2024-04-23,0.5451589822769165
2024-04-24,0.5274040102958679
2024-04-25,0.5255119800567627
2024-04-26,0.5261120200157166
2024-04-27,0.5177749991416931
2024-04-28,0.5103769898414612
2024-04-29,0.5154320001602173
2024-04-30,0.50006502866745
2024-05-01,0.5170000195503235
2024-05-02,0.5183290243148804
2024-05-03,0.5318940281867981
2024-05-04,0.5304049849510193
2024-05-05,0.5297840237617493
2024-05-06,0.5405470132827759
2024-05-07,0.5247439742088318
2024-05-08,0.5172299742698669
2024-05-09,0.521028995513916
2024-05-10,0.5023379921913147
2024-05-11,0.5059750080108643
2024-05-12,0.49947500228881836
2024-05-13,0.5049020051956177
2024-05-14,0.49988698959350586
2024-05-15,0.5190039873123169
2024-05-16,0.5156980156898499
2024-05-17,0.5238040089607239
2024-05-18,0.5213900208473206
2024-05-19,0.5096610188484192
2024-05-20,0.5373330116271973
2024-05-21,0.5369830131530762
2024-05-22,0.5265100002288818
2024-05-23,0.5282859802246094
2024-05-24,0.5357530117034912
2024-05-25,0.5418090224266052
2024-05-26,0.5282109975814819
2024-05-27,0.5337719917297363
2024-05-28,0.5282350182533264
2024-05-29,0.523248016834259
2024-05-30,0.5188609957695007
2024-05-31,0.517799973487854
2024-06-01,0.5183129906654358
2024-06-02,0.5134819746017456
2024-06-03,0.5200999975204468
2024-06-04,0.5257650017738342
2024-06-05,0.5257109999656677
2024-06-06,0.5215780138969421
2024-06-07,0.4989509880542755
2024-06-08,0.4931449890136719
2024-06-09,0.49858298897743225
2024-06-10,0.4966279864311218
2024-06-11,0.480320006608963
2024-06-12,0.49154001474380493
2024-06-13,0.4770050048828125
2024-06-14,0.47427499294281006
2024-06-15,0.49069100618362427
2024-06-16,0.4888319969177246
2024-06-17,0.5051599740982056
2024-06-18,0.49094799160957336
2024-06-19,0.49324101209640503
2024-06-20,0.4887160062789917
2024-06-21,0.4889560043811798
2024-06-22,0.4866209924221039
2024-06-23,0.4794889986515045
2024-06-24,0.47414299845695496
2024-06-25,0.4756850004196167
2024-06-26,0.46959999203681946
2024-06-27,0.47465500235557556
2024-06-28,0.4708850085735321
2024-06-29,0.471994012594223
2024-06-30,0.4754830002784729
2024-07-01,0.4766409993171692
2024-07-02,0.48451998829841614
2024-07-03,0.4667600095272064
2024-07-04,0.43357399106025696
2024-07-05,0.42549198865890503
2024-07-06,0.44905298948287964
2024-07-07,0.4198229908943176
2024-07-08,0.4314799904823303
2024-07-09,0.435916006565094
2024-07-10,0.4390380084514618
2024-07-11,0.4490410089492798
2024-07-12,0.4747300148010254
2024-07-13,0.526328980922699
2024-07-14,0.52286297082901
2024-07-15,0.5378779768943787
2024-07-16,0.5793759822845459
2024-07-17,0.6264860033988953
2024-07-18,0.5695739984512329
2024-07-19,0.5737519860267639
2024-07-20,0.5946509838104248
2024-07-21,0.5974670052528381
2024-07-22,0.6076369881629944
2024-07-23,0.5974569916725159
2024-07-24,0.6188430190086365
2024-07-25,0.5998160243034363
2024-07-26,0.6040679812431335
2024-07-27,0.5967950224876404
2024-07-28,0.601947009563446
2024-07-29,0.6020860075950623
2024-07-30,0.6278769969940186
2024-07-31,0.6239389777183533
2024-08-01,0.5964639782905579
2024-08-02,0.5607709884643555
2024-08-03,0.5563910007476807
2024-08-04,0.5233960151672363
2024-08-05,0.48946601152420044
2024-08-06,0.5056970119476318
2024-08-07,0.6008099913597107
2024-08-08,0.6175770163536072
2024-08-09,0.5811529755592346
2024-08-10,0.585578978061676
2024-08-11,0.5529320240020752
2024-08-12,0.5687680244445801
2024-08-13,0.576399028301239
2024-08-14,0.5691919922828674
2024-08-15,0.5609549880027771
2024-08-16,0.564516007900238
2024-08-17,0.5663189888000488
2024-08-18,0.5638750195503235
2024-08-19,0.5986059904098511
2024-08-20,0.5944280028343201
2024-08-21,0.6002749800682068
2024-08-22,0.5976009964942932
2024-08-23,0.6112390160560608
2024-08-24,0.6131100058555603
2024-08-25,0.6001840233802795
2024-08-26,0.5874699950218201
2024-08-27,0.5675539970397949
2024-08-28,0.5698500275611877
2024-08-29,0.5620549917221069
2024-08-30,0.5670310258865356
2024-08-31,0.5663130283355713
2024-09-01,0.5479900240898132
2024-09-02,0.5675870180130005
2024-09-03,0.5573909878730774
2024-09-04,0.5581759810447693
2024-09-05,0.5441960096359253
2024-09-06,0.5213469862937927
2024-09-07,0.5250920057296753
2024-09-08,0.5292909741401672
2024-09-09,0.5396379828453064
2024-09-10,0.5410779714584351
2024-09-11,0.5353119969367981
2024-09-12,0.5625759959220886
2024-09-13,0.5731490254402161
2024-09-14,0.5961989760398865
2024-09-15,0.5709750056266785
2024-09-16,0.585407018661499
2024-09-17,0.5845019817352295
2024-09-18,0.585250973701477
2024-09-19,0.5873709917068481
2024-09-20,0.5851709842681885
2024-09-21,0.5981410145759583
2024-09-22,0.5876209735870361
2024-09-23,0.5850650072097778
2024-09-24,0.591543972492218
2024-09-25,0.5835409760475159
2024-09-26,0.5904210209846497
2024-09-27,0.5889269709587097
2024-09-28,0.6148009896278381
2024-09-29,0.6419469714164734
2024-09-30,0.6114919781684875
2024-10-01,0.5975300073623657
2024-10-02,0.5398309826850891
2024-10-03,0.5219529867172241
2024-10-04,0.5343409776687622
2024-10-05,0.5294960141181946
2024-10-06,0.5335919857025146
2024-10-07,0.5299339890480042
2024-10-08,0.5308679938316345
2024-10-09,0.5243319869041443
2024-10-10,0.529977023601532
2024-10-11,0.5382969975471497
2024-10-12,0.5395600199699402
2024-10-13,0.5315399765968323
2024-10-14,0.5480210185050964
2024-10-15,0.5414519906044006
2024-10-16,0.5480449795722961
2024-10-17,0.5436580181121826
2024-10-18,0.5465409755706787
2024-10-19,0.5442569851875305
2024-10-20,0.547652006149292
2024-10-21,0.5448629856109619
2024-10-22,0.5333790183067322
2024-10-23,0.525210976600647
2024-10-24,0.5317609906196594
2024-10-25,0.5019189715385437
2024-10-26,0.5127609968185425
2024-10-27,0.516381025314331
2024-10-28,0.5192270278930664
2024-10-29,0.5279160141944885
2024-10-30,0.5229740142822266
2024-10-31,0.5092369914054871
2024-11-01,0.5128679871559143
2024-11-02,0.509850025177002
2024-11-03,0.5029309988021851
2024-11-04,0.5032259821891785
2024-11-05,0.5140290260314941
2024-11-06,0.5424270033836365
2024-11-07,0.5547320246696472
2024-11-08,0.554078996181488
2024-11-09,0.559486985206604
2024-11-10,0.589381992816925
2024-11-11,0.6204670071601868
2024-11-12,0.7076990008354187
2024-11-13,0.6902880072593689
2024-11-14,0.7730069756507874
2024-11-15,0.8920909762382507
2024-11-16,1.119089961051941
2024-11-17,1.0543349981307983
2024-11-18,1.1179360151290894
2024-11-19,1.1019469499588013
2024-11-20,1.102301001548767
2024-11-21,1.2503520250320435
2024-11-22,1.4690190553665161
2024-11-23,1.469007968902588
2024-11-24,1.4324109554290771
2024-11-25,1.415423035621643
2024-11-26,1.4013229608535767
2024-11-27,1.4728120565414429
2024-11-28,1.5413429737091064
2024-11-29,1.7967309951782227
2024-11-30,1.94412100315094
2024-12-01,2.320223093032837
2024-12-02,2.7138049602508545
2024-12-03,2.525527000427246
2024-12-04,2.3544440269470215
2024-12-05,2.295206069946289
2024-12-06,2.424736976623535
2024-12-07,2.616624116897583
2024-12-08,2.6083478927612305
2024-12-09,2.218951940536499
2024-12-10,2.3691599369049072
2024-12-11,2.4000699520111084
2024-12-12,2.3427700996398926
2024-12-13,2.421319007873535
2024-12-14,2.398705005645752
2024-12-15,2.4469499588012695
2024-12-16,2.4886579513549805
2024-12-17,2.565190076828003
2024-12-18,2.3033180236816406
2024-12-19,2.2488911151885986
2024-12-20,2.276885986328125
2024-12-21,2.238111972808838
2024-12-22,2.1993319988250732
2024-12-23,2.2572619915008545
2024-12-24,2.3246240615844727
2024-12-25,2.2959699630737305
2024-12-26,2.154339075088501
2024-12-27,2.1416499614715576
2024-12-28,2.180824041366577
2024-12-29,2.093179941177368
2024-12-30,2.0575709342956543
2024-12-31,2.0801279544830322
2025-01-01,2.322340965270996
2025-01-02,2.403369903564453
2025-01-03,2.4528961181640625
2025-01-04,2.4195950031280518
2025-01-05,2.3997271060943604
2025-01-06,2.418807029724121
2025-01-07,2.2723500728607178
2025-01-08,2.375304937362671
2025-01-09,2.275212049484253
2025-01-10,2.343251943588257
2025-01-11,2.576770067214966
2025-01-12,2.5063140392303467
2025-01-13,2.522934913635254
2025-01-14,2.669132947921753
2025-01-15,3.155057907104492
2025-01-16,3.245539903640747
2025-01-17,3.2986350059509277
2025-01-18,3.2740190029144287
2025-01-19,2.954716920852661
2025-01-20,3.09983491897583
2025-01-21,3.1693999767303467
2025-01-22,3.171104907989502
2025-01-23,3.1198909282684326
2025-01-24,3.103482961654663
2025-01-25,3.109705924987793
2025-01-26,3.0262279510498047
2025-01-27,3.053184986114502
2025-01-28,3.06112003326416
2025-01-29,3.068294048309326
2025-01-30,3.1310689449310303
2025-01-31,3.0354199409484863
2025-02-01,2.8844690322875977
2025-02-02,2.5797948837280273
2025-02-03,2.7011559009552
2025-02-04,2.5354249477386475
2025-02-05,2.382314920425415
2025-02-06,2.3268799781799316
2025-02-07,2.393583059310913
2025-02-08,2.4243760108947754
2025-02-09,2.396939992904663
2025-02-10,2.422696113586426
2025-02-11,2.4142160415649414
2025-02-12,2.472835063934326
2025-02-13,2.5625150203704834
2025-02-14,2.7401959896087646
2025-02-15,2.76157808303833
2025-02-16,2.7278249263763428
2025-02-17,2.658273935317993
2025-02-18,2.558877944946289
2025-02-19,2.7408010959625244
2025-02-20,2.6908280849456787
2025-02-21,2.5701398849487305
2025-02-22,2.5757060050964355
2025-02-23,2.5770199298858643
2025-02-24,2.2779290676116943
2025-02-25,2.3207170963287354
2025-02-26,2.1924350261688232
2025-02-27,2.198647975921631
2025-02-28,2.145595073699951
2025-03-01,2.190603017807007
2025-03-02,2.9369421005249023
2025-03-03,2.385741949081421
2025-03-04,2.455146074295044
2025-03-05,2.500509023666382
2025-03-06,2.601728916168213
2025-03-07,2.3816239833831787
2025-03-08,2.323438882827759
2025-03-09,2.1345760822296143
2025-03-10,2.018294095993042
2025-03-11,2.1669158935546875
2025-03-12,2.240755081176758
2025-03-13,2.2510080337524414
2025-03-14,2.356442928314209
2025-03-15,2.393238067626953
2025-03-16,2.2978670597076416
2025-03-17,2.3406379222869873
2025-03-18,2.2869598865509033
2025-03-19,2.5458409786224365
2025-03-20,2.434674024581909
2025-03-21,2.3792779445648193
2025-03-22,2.369823932647705
2025-03-23,2.435492992401123
2025-03-24,2.448162078857422
2025-03-25,2.451349973678589
2025-03-26,2.349087953567505
2025-03-27,2.3382740020751953
2025-03-28,2.204137086868286
2025-03-29,2.139949083328247
2025-03-30,2.1361429691314697
2025-03-31,2.0898969173431396
2025-04-01,2.139611005783081
2025-04-02,2.025067090988159
2025-04-03,2.062467098236084
2025-04-04,2.128959894180298
2025-04-05,2.143731117248535
2025-04-06,1.917894959449768
2025-04-07,1.8977539539337158
2025-04-08,1.7945679426193237
2025-04-09,2.0517380237579346
2025-04-10,1.9664820432662964
2025-04-11,2.0238869190216064
2025-04-12,2.1586201190948486
2025-04-13,2.120198965072632
2025-04-14,2.12675404548645
2025-04-15,2.0885488986968994
2025-04-16,2.0832419395446777
2025-04-17,2.0664150714874268
2025-04-18,2.0635271072387695
2025-04-19,2.08732008934021
2025-04-20,2.0770010948181152
2025-04-21,2.085515022277832
2025-04-22,2.215472936630249
2025-04-23,2.217355966567993
2025-04-24,2.2045440673828125
2025-04-25,2.183053970336914
2025-04-26,2.1931889057159424
2025-04-27,2.256237030029297
2025-04-28,2.295137882232666
2025-04-29,2.2408010959625244
2025-04-30,2.191556930541992
2025-05-01,2.2141621112823486
2025-05-02,2.2098309993743896
2025-05-03,2.1883668899536133
2025-05-04,2.157794952392578
2025-05-05,2.1356089115142822
2025-05-06,2.1554300785064697
2025-05-07,2.126171112060547
2025-05-08,2.323184013366699
2025-05-09,2.3446710109710693
2025-05-10,2.4720299243927
2025-05-11,2.3665249347686768
2025-05-12,2.54463791847229
2025-05-13,2.586548089981079
2025-05-14,2.5527029037475586
2025-05-15,2.3803670406341553
2025-05-16,2.38098406791687
2025-05-17,2.3543639183044434
2025-05-18,2.434170961380005
2025-05-19,2.3813788890838623
2025-05-20,2.356755018234253
2025-05-21,2.398926019668579
2025-05-22,2.429795026779175
2025-05-23,2.294321060180664
2025-05-24,2.3328700065612793
2025-05-25,2.342974901199341
2025-05-26,2.3106610774993896
2025-05-27,2.318671941757202
2025-05-28,2.2742528915405273
2025-05-29,2.244246006011963
2025-05-30,2.138633966445923
2025-05-31,2.1750600337982178
2025-06-01,2.1791839599609375
2025-06-02,2.1977550983428955
2025-06-03,2.2468440532684326
2025-06-04,2.202310085296631
2025-06-05,2.0976340770721436
2025-06-06,2.1624059677124023
2025-06-07,2.1785459518432617
2025-06-08,2.2654950618743896
2025-06-09,2.3203749656677246
2025-06-10,2.3052849769592285
2025-06-11,2.2708730697631836
2025-06-12,2.1947689056396484
2025-06-13,2.1490299701690674
2025-06-14,2.1414060592651367
2025-06-15,2.1671769618988037
2025-06-16,2.241771936416626
2025-06-17,2.1607139110565186
2025-06-18,2.1696650981903076
2025-06-19,2.165937900543213
2025-06-20,2.120347023010254
2025-06-21,2.057558059692383
2025-06-22,2.0140280723571777
2025-06-23,2.166309118270874
2025-06-24,2.1908159255981445
2025-06-25,2.1858720779418945
2025-06-26,2.1058549880981445
2025-06-27,2.1426188945770264
2025-06-28,2.1860439777374268
2025-06-29,2.2070729732513428
2025-06-30,2.2387499809265137
2025-07-01,2.1721949577331543
2025-07-02,2.233768939971924
2025-07-03,2.257658004760742
2025-07-04,2.2211389541625977
2025-07-05,2.218522071838379
2025-07-06,2.272541046142578
2025-07-07,2.274077892303467
2025-07-08,2.3112339973449707
2025-07-09,2.4056360721588135
2025-07-10,2.5466830730438232
2025-07-11,2.7348639965057373
2025-07-12,2.737636089324951
2025-07-13,2.8359410762786865
2025-07-14,2.954977035522461
2025-07-15,2.918951988220215
2025-07-16,3.041404962539673
2025-07-17,3.495129108428955
2025-07-18,3.4182119369506836
2025-07-19,3.429405927658081
2025-07-20,3.459528923034668
2025-07-21,3.55576491355896
2025-07-22,3.551676034927368
2025-07-23,3.1849300861358643
2025-07-24,3.143894910812378
2025-07-25,3.1417200565338135
2025-07-26,3.167534112930298
2025-07-27,3.2412819862365723
2025-07-28,3.11584210395813
2025-07-29,3.1284310817718506
2025-07-30,3.0983760356903076
2025-07-31,3.025170087814331
2025-08-01,2.96459698677063
2025-08-02,2.766371965408325
2025-08-03,2.9495439529418945
2025-08-04,3.072809934616089
2025-08-05,2.963747978210449
2025-08-06,2.9918880462646484
2025-08-07,3.3182079792022705
2025-08-08,3.2871201038360596
2025-08-09,3.2278831005096436
2025-08-10,3.1878559589385986
2025-08-11,3.134514093399048
2025-08-12,3.2665059566497803
2025-08-13,3.2805910110473633
2025-08-14,3.083522081375122
2025-08-15,3.078666925430298
2025-08-16,3.108139991760254
2025-08-17,3.089040994644165
2025-08-18,3.0614829063415527
2025-08-19,2.852924108505249
2025-08-20,2.950748920440674
2025-08-21,2.8504741191864014
2025-08-22,3.075773000717163
2025-08-23,3.0462141036987305
2025-08-24,3.0258688926696777
2025-08-25,2.861272096633911
2025-08-26,3.0122179985046387
2025-08-27,2.966618061065674
2025-08-28,2.967094898223877
2025-08-29,2.8219571113586426
2025-08-30,2.818186044692993
2025-08-31,2.7766408920288086
2025-09-01,2.753695011138916
2025-09-02,2.861859083175659
2025-09-03,2.8448948860168457
2025-09-04,2.795828104019165
2025-09-05,2.8162479400634766
2025-09-06,2.810854911804199
2025-09-07,2.8785619735717773
2025-09-08,2.9704010486602783
2025-09-09,2.9466140270233154
2025-09-10,2.98170804977417
2025-09-11,3.0409340858459473
2025-09-12,3.1076419353485107
2025-09-13,3.121467113494873
2025-09-14,3.032525062561035
2025-09-15,2.9971089363098145
2025-09-16,3.038494110107422
2025-09-17,3.084991931915283
2025-09-18,3.0762689113616943
2025-09-19,2.991852045059204
2025-09-20,2.97891902923584
2025-09-21,2.9734089374542236
2025-09-22,2.8530099391937256
2025-09-23,2.8281569480895996
2025-09-24,2.928035020828247
2025-09-25,2.742319107055664
2025-09-26,2.7858119010925293
2025-09-27,2.807734966278076
2025-09-28,2.8665859699249268
2025-09-29,2.8826920986175537
2025-09-30,2.846930980682373
2025-10-01,2.9472780227661133
2025-10-02,3.0393240451812744
2025-10-03,3.0408809185028076
2025-10-04,2.969348907470703
2025-10-05,2.9706408977508545
2025-10-06,2.9907169342041016
2025-10-07,2.855971097946167
2025-10-08,2.8808040618896484
2025-10-09,2.8049099445343018
2025-10-10,2.3585970401763916
2025-10-11,2.385982036590576
2025-10-12,2.5349578857421875
2025-10-13,2.6064999103546143
2025-10-14,2.505660057067871
2025-10-15,2.412666082382202
2025-10-16,2.3290679454803467
2025-10-17,2.294239044189453
2025-10-18,2.3605101108551025
2025-10-19,2.390631914138794
2025-10-20,2.4934189319610596
2025-10-21,2.4242711067199707
2025-10-22,2.3638620376586914
2025-10-23,2.3951499462127686
2025-10-24,2.507473945617676
2025-10-25,2.596446990966797
2025-10-26,2.645145893096924
2025-10-27,2.634629964828491
2025-10-28,2.6059770584106445
2025-10-29,2.552021026611328
2025-10-30,2.4397149085998535
2025-10-31,2.508733034133911
2025-11-01,2.505173921585083
2025-11-02,2.529094934463501
2025-11-03,2.309377908706665
2025-11-04,2.210616111755371
2025-11-05,2.3452250957489014
2025-11-06,2.210848093032837
2025-11-07,2.3141629695892334
2025-11-08,2.2848949432373047
2025-11-09,2.367656946182251
2025-11-10,2.526365041732788
2025-11-11,2.391724109649658
2025-11-12,2.3868958950042725
2025-11-13,2.3311400413513184
2025-11-14,2.2439820766448975
2025-11-15,2.235245943069458
2025-11-16,2.216609001159668
2025-11-17,2.162097930908203
2025-11-18,2.2164790630340576
2025-11-19,2.1076180934906006
2025-11-20,1.9987870454788208
2025-11-21,1.9504029750823975
2025-11-22,1.9497510194778442
2025-11-23,2.046264886856079
2025-11-24,2.2258780002593994
2025-11-25,2.1985440254211426
2025-11-26,2.2242848873138428
2025-11-27,2.200824022293091
2025-11-28,2.1806480884552
2025-11-29,2.2033770084381104
2025-11-30,2.1609671115875244
2025-12-01,2.0309159755706787
2025-12-02,2.155522108078003
2025-12-03,2.2019059658050537
2025-12-04,2.097172975540161
2025-12-05,2.037606954574585
2025-12-06,2.0326199531555176
2025-12-07,2.0434200763702393
2025-12-08,2.073106050491333
2025-12-09,2.1084249019622803
2025-12-10,2.0433449745178223
2025-12-11,2.035507917404175
2025-12-12,2.0091450214385986
2025-12-13,2.023993968963623
2025-12-14,1.979287028312683
2025-12-15,1.8986730575561523
